grid_size,num_robots,avg_coverage_time,min_coverage_time,max_coverage_time,std_coverage_time,success_rate,avg_total_steps,avg_coverage_pct,avg_cells_per_robot,avg_path_per_robot
16,5,139.84,79,331,59.209242521754994,100.0,139.84,100.0,47.6,47.6
16,10,70.4,45,160,25.540555984551315,100.0,70.4,100.0,23.8,23.8
16,15,44.0,30,62,8.212186067059124,100.0,44.0,100.0,15.866666666666667,15.866666666666667
16,20,35.24,19,65,8.914168497397837,100.0,35.24,100.0,11.9,11.9
16,25,27.96,21,43,5.709500853840027,100.0,27.96,100.0,9.52,9.52
16,30,24.56,17,42,5.24656077826227,100.0,24.56,100.0,7.933333333333334,7.933333333333334
16,35,20.76,14,31,4.264082550795657,100.0,20.76,100.0,6.8,6.8
16,40,16.92,11,27,3.6760848738841707,100.0,16.92,100.0,5.95,5.95
